"PC1"	"PC2"	"PC3"	"PC4"	"PC5"	"PC6"	"PC7"	"PC8"	"PC9"	"PC10"	"PC11"	"PC12"	"PC13"	"PC14"	"PC15"	"PC16"	"PC17"	"PC18"	"PC19"	"PC20"	"PC21"	"PC22"	"PC23"	"PC24"	"PC25"	"PC26"	"PC27"	"PC28"	"PC29"	"PC30"	"PC31"	"PC32"	"PC33"	"PC34"	"PC35"	"PC36"	"PC37"	"PC38"	"PC39"	"PC40"	"PC41"	"PC42"	"PC43"	"PC44"	"PC45"	"PC46"	"PC47"	"PC48"	"PC49"	"PC50"	"PC51"	"PC52"	"PC53"	"PC54"	"PC55"	"PC56"	"PC57"	"PC58"	"PC59"	"PC60"
"01D_A427_3"	-1.16068531453137	1.31953074033992	-1.19782282313649	3.97850332392803	1.20271845046916	-0.470358652617097	0.980151902993559	-0.703165010477649	1.5966040819785	-0.746236626646912	0.469869181295503	-0.827938128764273	1.13092753625717	-1.0310582090701	0.235324973051827	2.41180857113336	-0.794683040909745	0.923732385467138	0.626929778067571	-0.396641174519665	-1.03235966739363	0.86116964877033	0.720554775940257	0.286748413820186	-1.39556870453539	-0.770692604875317	-0.543264563935211	1.4353320830287	0.846409008005509	0.580143015120966	-0.921720965424668	-0.748386668152635	-1.69145755201381	0.218111564448123	1.12378776268862	0.417264702739846	0.865877633176052	0.930447798133609	-1.6452601289409	-1.09302718168691	-1.28447458110255	0.723749483474557	0.251627439621157	0.537115886533923	0.328849190776761	1.51645331378116	-0.866515651039612	-0.153614340234225	-0.0248730341938861	-0.00628323658065284	2.05286525345466	0.074115085935471	-1.37214965782477	-0.193616918328672	-0.355199442033911	0.115450996477667	0.116199411554284	-0.413492452972348	0.11308542346328	-9.84455572616838e-17
"02D_A549_3"	2.04009065973097	-0.55567088685361	-3.08845947914445	-1.12962316254505	0.954114406149815	1.25142432856745	-0.77758148326418	0.439045019613512	0.419040023663225	-1.19800560659542	0.689008208399793	-0.838775291243308	-0.342653876874086	0.455821700958238	-0.329403479227248	0.640505438253748	0.324252207417506	0.0969993126154607	-1.63889059278422	2.62082895683295	-0.784114197413947	1.69502682898753	0.917944145952032	0.450558757494679	-0.0479828899947298	-0.523677125097618	-1.36785104805354	-0.928453115674897	0.586062890600864	-0.744801488185019	-0.228326871068213	0.375269895921004	-0.196377667549606	0.219107126304049	-0.0151586020560258	0.61335278992645	0.464126426074473	-0.739436444285101	-0.67428969505173	-1.00942387011424	0.91472673307679	0.0918549499670469	-0.709742668948714	0.239102665967605	1.01420142185098	0.529571096800808	-1.50754049404595	0.02203538125994	0.149112076027599	-0.673808395376098	-1.92011894175455	-1.70792199332053	0.0573422363138347	1.47328969233148	-0.516446954155114	1.03481686864726	-1.3906403141662	0.484680613711123	0.269968306648449	1.01568059518442e-15
"03D_BEAS-2B_3"	-4.59818607985565	3.83735370344559	0.467009704332073	-1.49025910327336	-0.671737095074556	-0.121887520054609	0.800052593009625	-1.14907026559886	0.898044887476954	0.390358042540746	0.857821936708248	-0.000963023083674425	-0.453135064691342	-0.738057794376125	0.00904451098756563	-1.5766634443711	-1.81660963610293	-0.792425091005066	-1.24199684319349	0.958050231048933	-0.261820811754407	0.304956143267595	-0.654676328076115	0.617953189016111	-0.935918371165273	0.186666755455599	-1.11181404205376	0.617657542924979	0.497519528767772	-1.87031627353549	-0.68877112810966	-0.405297322461973	1.83548491378076	0.74965179657736	0.0974053611831493	-0.692119318275688	0.729005441094224	-0.614864729721577	0.95960477373949	-0.0883728461162291	0.312329998274305	-0.149972759377564	-1.79347290110674	0.513111897056658	1.43915135334844	-0.886061328638298	-0.128416002222114	0.492367560111102	1.81271945572676	-0.38504876442364	1.05321068453188	0.216870941165685	-0.883303044066697	-0.194398810959038	0.282207004431438	0.0881751946511717	1.81186114644734	0.80698247088432	0.290003704221627	1.73212139076284e-15
"04D_Calu1_2"	-3.04569025945011	3.42168561655728	-0.797884053219183	-0.460474367312108	-0.477805069645671	2.84520871981286	1.55301449295825	-0.923461749145518	-2.2114933107695	-1.1533698051961	-1.85582627001817	-0.258420328056658	-0.573509066859458	-0.604085502327666	0.872026398030354	1.05748194763452	-1.07472070457194	-1.37053773966149	-0.744040195778221	2.37185721414631	-1.14588541070277	1.75888013528991	0.489233497416991	-2.23044486606701	2.16521576318685	0.469262881024633	2.83076666067281	-0.417564343256004	-0.046648031187333	0.781044018063341	-0.123765012539425	-1.35585368113674	-1.14605768770365	-0.570575817306957	-0.810996015908508	0.0170773653682123	-0.161276444171008	0.0742084316347921	0.544895781224709	1.12031412090383	-0.107065349355631	-1.30642428707959	1.14324742459333	0.343621828922257	0.834585694914702	0.111235228134859	0.205284115920269	-0.296957839237778	0.544744522777712	-0.121762705332883	0.756316978887502	-0.413010202818001	0.0406134415976574	-0.0483994304622825	0.0932447406595002	-0.226343654527037	0.0684826587398203	-0.043948016276946	0.0124812459788376	-7.84095011141517e-16
"05D_Calu3_3"	4.66879490770535	-1.61877899971731	1.05663920608488	1.10353237694565	0.140452358789087	3.6919466147624	0.637205106075625	-1.17911228447102	-1.78006652957702	-2.86225199046071	2.47933437513386	-1.6359072674935	-2.61085548157699	-0.144759383379781	2.4198317033193	1.45900160662517	1.52683933236917	1.49411731451082	0.775645752449791	-2.06915739755132	-1.6177676292141	0.19079439809579	-1.71964009441502	-1.1151847746561	0.365778950379485	-0.402183385927533	-0.0131259325955785	0.938754883684135	1.52994864556563	-0.324056412278617	0.213330390924441	0.0589706852208292	0.869601287144534	0.646985241724531	-0.433244718955111	0.510211423272727	-0.231369374558898	0.129130936096835	1.09239816703755	-0.489807907241164	-0.128520427174413	0.672718615420512	-0.116388685569633	-0.283237356004864	-0.335557943979089	0.424742613967956	0.806111670624417	0.0560589591148111	0.885166485870335	0.0233113255925283	-1.08914522314178	0.367427515053385	0.0353907559913027	-0.545401740479802	-0.162837047599237	0.60205100324232	0.551122505224534	0.144128290621339	0.499180467282224	9.31546506599545e-16
"06D_Calu6_3"	2.7000960083128	2.58111295296383	-0.491195970425297	-0.245316357182452	2.64810622215907	-0.696594870718174	-3.07211405368646	-1.93009014788499	0.211478195855168	1.96655599645574	-0.873453626980479	-0.886484098689412	-1.41716942387372	-0.855981720637199	-0.711152200712141	-0.493056669257659	1.75920998848003	0.000498009431316142	1.21284585054332	-0.694662585677103	1.15239685944361	1.28965357551345	0.292212059305648	0.557538362301771	-0.0989998763018863	-1.2412091454194	1.5496228815334	0.986357013763023	1.02777736960232	-1.4093509186032	-0.27399496956432	-0.0742868166442377	0.266123703981931	-0.378645976383106	-0.0274290766494287	0.162694525275658	-2.06136384047447	0.338658154742895	-0.170456903640257	1.63125173376956	0.984722906085604	0.425197372041031	-0.78872961005709	2.30013950080151	-0.251596083941252	0.86177574412129	0.311633513138458	0.191461090736124	-0.795825554986888	-0.272745086401893	0.246644128408346	-0.959216482067726	0.340859295199535	0.417955390612586	-0.0433493964620481	0.38985620588131	0.719816471581005	-0.749609370787028	-0.395756723257819	1.73906028466675e-15
"07D_HCC2935_3"	-2.28341152495708	-2.16882992872984	3.41940981215199	-0.0326996682472041	-1.42746532742657	0.151609663607112	-0.157960259783522	0.00854998983380015	1.81929403129692	-1.02149815476049	-0.280370765083809	-0.76110381011212	-2.60536835724088	0.852039816364666	-0.00669544919908519	-1.06779574884142	0.943855581391854	-0.632091596876311	-0.475870027209674	-0.970553228113092	-0.655285778202243	1.37446896221207	0.975864089963262	0.905047678299038	0.13614390788522	-0.314144114419105	0.924399392422011	-0.085647881878395	-1.36416985242798	0.0141021222013634	-0.395535837905903	0.170369760340478	-0.344099074784295	0.104183020474105	-1.05905326563879	-0.408994351537821	1.0852072927635	0.0731207656077038	0.205064377049794	0.234641257042069	-0.396412785305765	1.0181606565138	-0.440111353017753	-1.08191208126666	1.4214718756868	-0.298926788632891	1.18237378434201	-0.173180075832022	-2.67375900999413	-0.853480032649132	0.288919278277845	-0.220596229899386	-1.53813784556641	0.938812495821708	0.91726165781249	-0.388809559821909	0.0116199211186211	-0.0741017619459757	0.967005964227207	2.63005763001534e-15
"08D_HCC4006_3"	-5.94143356735892	-2.14770880649627	1.65448034469822	-0.663450004526068	-1.11007973683385	0.0315262919729351	-1.23914042409201	-0.168530627818063	-0.447790770715986	-1.49468890516922	1.20371864232546	-0.92263208952455	-0.464044242162223	0.535114326304442	0.920070337491088	-0.390905193728385	0.689878258056657	0.679785373199003	0.890629107363367	0.464899610577466	0.159045447592254	0.180696569945451	-0.454992327510651	1.45924140369319	1.19817730232975	-0.825642481576761	0.312528853913861	0.907180204771147	-1.26132365457709	-0.824312755053345	0.339006185214171	0.764297240656441	-1.28029538095002	1.17821969311277	0.683228953803851	1.39698911367875	-0.570896594259803	-1.39128809092711	-1.21890761846539	0.436521511186404	-0.497215880504412	-0.627654767778608	-0.458466340509649	-0.033946296462205	0.687362824428169	0.273564792454692	-0.669483005040996	0.889209131110988	0.0741149081497372	0.245642193684882	0.926687120787073	0.134113238163661	1.81562394492668	-0.218635673130031	-0.763882278222457	-2.06943781637416	-0.0555277677799352	1.50454881885316	-0.467681640480727	1.30364469219657e-15
"09D_HCC827_3"	0.994224049836263	0.397960889641271	1.68675620547139	-0.47617810861589	0.714817100228667	-0.758747606920166	1.89272812015473	0.556944877996083	-1.85007587742017	0.149551079365103	-0.150361121362589	1.59421888148642	0.608841262411659	-0.53792957693982	1.0703296623325	-0.575593635682781	-0.391815734586111	0.501339684420308	0.796235468045033	0.0812996120598487	0.0467760705044931	0.0787697705781933	-0.658243891002071	-0.00608741831515596	1.6843135207231	-0.464167226129312	-0.301257574498672	0.140699583157393	0.401014621960177	0.582797609141926	-0.768125132632109	0.562597147129477	0.405785064175211	2.52131071397646	1.34023205454536	-0.230102149361812	-1.60118559214188	0.640162307935397	0.101373807961555	-0.466367796131778	-0.304585240303271	0.0218618663802494	0.687437451408164	-0.934619827540071	0.280024849532783	-1.11112403502243	-1.40539881741919	1.61070710545235	-0.795700570324146	-1.16128687474076	0.738447019147187	0.205091607099536	0.54725275926165	1.5677608509721	1.23965507408451	1.31960539799977	0.0833813522910141	-0.989267708432448	-0.330459331881319	2.40757934422131e-15
"10D_IMR-90_3"	-5.8473408740155	4.31301433980037	-0.548552679688097	-2.65780919578528	-3.25276962341878	-0.394031248137085	-0.39736856538344	-1.70148130148996	-0.196084063326063	1.37099788008493	0.690865086104652	-1.34894956124192	-0.723654422494105	-0.447177317163394	0.495416358352319	0.974801475643488	-0.0956789558417445	2.04194716770518	-0.433569062693498	-0.0857701892681845	0.260938270008147	-0.766734075584322	-0.951424082297722	0.491375584578869	0.119665314334645	0.277245963449714	-0.373530482458882	-0.630010571947856	0.0158117338812429	0.42897883425383	-0.540217779161688	-0.0935624956357176	-0.937017370543253	-0.699118764507307	-0.0276734193278478	-0.756079351039455	-0.615468344922548	0.41741157039747	-0.941754842785698	-0.783216877942182	-1.40168786669084	0.0232821327303936	0.0569028554425326	0.0824877590338998	0.804372349437802	-1.41358556962607	0.616785978684945	0.925990053826075	-0.420099420193274	-0.228827275158556	-1.90517990061322	-0.261939158107944	-0.870957729625894	-0.605261791617117	-1.03646947997333	-0.53656076115954	-0.0248345905904376	-1.39630718263328	-1.44879254714669	2.33146835171283e-15
"11D_NCI-H1299_3"	0.558951796503756	3.51700203017772	0.0977763340729521	0.942338244301956	1.96843659126431	-0.730419990497077	-0.659601070445816	-1.21797592197032	1.35172288524	1.27545724533095	0.979905304798271	2.50969303791873	-0.293471150297163	-0.244863664618191	-0.150445197761768	0.232461162058191	-0.919210100177287	0.210201484873575	-0.771743343291938	0.207215609362043	0.424092414898904	0.20660555328211	0.462333159404737	-2.29272559332359	-0.54939724206332	0.63222966104686	0.220708978751381	0.513101981062258	1.80551844472054	0.306787834620615	-0.90786222102554	0.796983866026802	0.312209641778585	1.80660050334396	0.189831811711327	0.206849148704666	-1.50980400416597	-0.561044952991058	0.304374669822232	0.645242851249313	-0.434531827482599	0.663875505133938	-0.360526638439633	-1.72515229644314	0.771301522201436	-0.0228359982559351	-0.503145497013431	-1.90197749473862	-1.30636918463087	0.759105409832582	-0.869571071551637	0.10237541352693	0.041081279268059	-1.21547274401019	0.0876108744428967	-1.02386280895059	-0.753153924900227	0.954536822162502	0.0318862605981388	1.89908852532561e-15
"12D_NCI-H1373_3"	0.0670048292929729	-0.264050984323298	2.19878855527358	-1.6502185030775	2.14804717385883	-0.315578524607973	0.985146224521307	1.3154840259435	-1.4036682440271	1.61868253698715	-0.205092057927927	0.471576707843927	-0.574372566341529	-0.576223453875873	-0.556941243971217	0.67225292331343	-1.89398591219081	-1.03458669796207	-0.302579961292342	0.7283148501481	1.38196316908648	0.367582114730123	-0.985232368123737	0.174983722193125	0.994662306050429	-0.671252140167588	-1.50398590706783	-0.496571101681707	0.565556931519985	-1.64829529415748	3.03985652614323	-0.408967970230564	0.339441016759802	0.758638987429264	-0.295742939653415	1.78073980972013	0.752593460272629	1.26104059331034	0.0306548557152502	-0.482569009974854	-1.09601508899297	1.04973526254299	1.37219186333705	0.947611211414646	0.297433865027215	-0.459513768285936	1.11815271131834	-0.21431345541449	-1.03630310699547	0.213208707047085	0.330600802226267	-0.305035980353689	0.0321164538358209	-0.521691299643009	-1.34642157229084	0.205348945346332	-0.178334109850124	0.12868876194123	0.717408610257056	1.83880688453542e-15
"13D_NCI-H1395_3"	-3.41282453471273	-4.20867863893496	-1.56979019699622	-0.352313657446261	-1.83848390598869	-2.09373103823777	-1.85355132174136	-1.67825760373475	-0.0395369132013906	-0.797041781681944	-0.688728003461879	-0.626377285120506	1.10867711771	-2.56417219428698	-1.63801338871455	-1.47983667651486	-1.66165003560863	0.952464222371666	0.304936034581403	-0.750239340486506	1.04364022843622	2.71937209462326	1.00997016518976	0.900709722769853	1.00628954468992	-0.721718428648681	0.437169295385252	1.37782113439944	2.37878495666251	1.90282860486765	1.04896501681131	0.904404403481375	0.489253417939141	0.642547246917645	0.0256951571909166	-1.00462434111374	1.00998559597732	-0.560470700169903	1.01025536977667	-0.513523324157333	0.0793878203817451	-0.458940052272074	1.13546368011459	-0.118466798115251	-0.639256944774115	-0.171702131127441	0.398957364833593	0.129906407396212	0.700642026100914	0.176784837659025	-0.67567179649689	-0.189007673948086	-0.199249942034973	0.0803563204247421	0.0696728485737504	-0.563609867172954	-0.0405715016540716	-0.0588789591244127	0.28076658578082	1.95286495308089e-15
"14D_NCI-H1435_3"	-0.0811687134303365	-2.52426033159413	0.789015890054589	0.631972939250084	-0.751278012297324	2.02396270896746	1.92569280090909	-0.673124122909939	0.482770240710913	1.91673889603001	-0.800014523516091	1.37211314037811	0.510524498419576	1.18308525508782	-2.29521251019844	1.866020734359	0.0913320489842904	2.23581989077955	-0.812768300829485	-1.75432124377549	0.750680570854482	-0.377942182293221	2.21776543906789	-0.555557191201849	1.0331257960994	0.00107583986578786	-1.32763574317759	2.30367009201191	-2.05847248157352	-1.14148239753807	0.0516714843774626	-0.875672309768235	-0.890279617750745	0.86411032754062	-1.99278277291724	-0.723873440660917	-0.289557525855906	0.00368360827841702	0.413523221579373	0.334501452697133	-0.206137995461734	-0.171308429718021	0.185773793707683	0.0866835399697425	0.452007015471108	-0.252501139429965	-0.632023006262976	-0.553692350903515	0.944464357110462	0.495198619835095	-0.470407762938502	-0.882371413271073	0.662179240595431	0.330722906094517	0.125677463389953	0.252255519644428	0.761476298341722	-0.337528531736526	0.0796524617122831	5.20417042793042e-18
"15D_NCI-H1437_3"	-0.568660663582883	-4.21175635230258	-3.07036776805891	-0.560020691870475	0.629948657857555	-1.10673241933588	1.29695177686788	0.34020481545203	-0.0978012374538506	-0.272442067768977	0.0858311144621583	-0.311755041979594	-0.493061775356558	-0.756485536588645	0.335381672788904	-0.0876195736445425	-0.80325773436111	-0.103673357872917	-0.186055765959261	1.21483519334584	1.13321553695656	0.306875664262069	-1.58163000641114	1.40548210677859	1.70980099787947	-0.249591376253303	-0.651952077153987	-0.647256843081298	-0.414469431699557	-0.232715897232806	-0.708077627395513	-0.421277904749111	-0.335939934363321	-0.571435583717719	-1.57046215807031	1.45199976232813	-1.1532411573252	0.432021700588416	1.70304928792349	-0.17735340099792	-0.432716730636498	-0.151179754834047	-2.0838091097693	-0.901545799285549	-1.21224272303141	0.96800688895325	-0.861179216219862	-1.66671450708576	-0.0256335133586177	-0.00124948109914214	0.38880668042961	0.830866023320418	-1.01657054982058	0.112743118223904	0.113962064708493	-0.605157672532469	0.138548125076373	-1.16730581782592	-0.867686228977925	1.15879528195251e-15
"16D_NCI-H1563_3"	4.43536473714159	0.539625496793233	-1.11443653830764	-2.74691250148834	-2.70406157250694	-1.66321272481719	-1.48307051343924	1.92636926197835	1.214745561426	-0.671841851352775	0.278631558632644	-0.855481468335805	1.2414794387676	-2.92242698420364	1.00446606445685	0.847945046931766	0.847619298103268	-1.71970280663215	2.95222445264703	-0.717399869262586	-0.626887871481158	0.493435216713075	0.905481047049014	-2.04763805512858	-0.102744542210094	0.276245863748353	-1.30001172930751	-0.254943471454105	-1.42856396334522	-1.56614054121145	0.254093975640147	0.406473425234886	-0.702791751281172	-0.73323212327467	0.503831967453593	-1.13382559814701	-0.662172008161908	0.0989959174152692	1.60778358067346	-0.248359596703059	0.303338874261048	0.680755314798173	0.59257734783473	-0.00891879499599587	0.586618990684255	-0.408660719526988	-1.12796794777473	-0.584430027987269	0.0972861491272632	-1.03487057981763	0.139831970709992	0.255770088514952	0.265058987602823	-0.422327465325622	-0.591447362343556	-0.669118964787753	-0.0787062094328868	-0.376375199248386	0.730741790031555	-9.0726037793587e-16
"17D_NCI-H1568_3"	4.57914514460929	0.249190424458756	-0.285306777804922	1.04167797217669	-0.792047868327243	-1.57008280787832	0.636008509882964	-1.82979105401097	1.45332518670481	1.2446861210121	-1.0036998701164	-0.507468662198208	2.22969161187049	1.54887301195292	1.11366874744652	-1.11268671539982	2.94893800954214	0.212444011958467	0.422967705655722	0.484804279672498	-1.2207302717524	0.193138498077393	-1.48370957800866	-0.187337905096248	1.50665172375102	0.251720602911651	-1.32884975985665	0.739257378774061	0.0413476713204645	0.606103764749162	2.86306923377522	-1.66027450146218	0.249335873902879	0.385755733443695	1.23197071611175	-0.733080328764778	-0.455998735552027	0.428846891847126	-0.317462375260573	0.382030821241609	0.765322694120579	-2.02151338140932	-0.712169062006244	-0.71946756079858	0.725456016652873	0.214153771881017	0.473253081501237	-0.482415996104796	-0.310028232096427	0.605100790553579	0.0769430159347903	-0.220405508344235	-1.25298992837019	0.132026483401237	-0.368628413531496	0.120742648217612	-0.202441466041858	0.404461893454667	0.0235424350947831	2.07776504335122e-15
"18D_NCI-H1573_3"	5.54049200989749	-4.14310631074182	-2.56879968866754	-0.183630601405989	0.262301821213375	-0.691764352133312	0.621798529954689	1.14824005767856	-0.0350913878786497	0.887417486703536	-0.168914704836665	-1.50467490293124	-0.016852231738751	-2.97528115356493	-0.449458156226922	0.373884997008642	-2.44234974078777	-1.29360368575269	-1.14991140877305	-0.832444631798842	-1.81180701464636	-2.39465641116041	-1.46743059368464	-1.02622653469597	0.558247341641079	0.32231178759482	0.320250725393961	0.541031679193928	-0.307591106022378	-0.217914549746662	-0.198553276020553	1.6345990684515	0.0804923305299466	-0.0324058303539356	-0.95902398648987	-1.03027666225447	-0.420377435729524	0.0542148293936631	-1.7033961676594	0.128253063451918	-0.210756304867304	-1.305742478646	-0.35312155874183	0.770946998325494	0.438027744922692	0.854649797827137	0.134788905475112	0.922094155968859	-1.27510955443985	0.642496382879629	-0.44749945560859	-0.501760155395225	-0.232372263980941	-0.139828566206387	0.758626986215437	0.0703828701877257	0.575739822663109	0.869418891924048	-0.0371233228512859	1.13190706807487e-15
"19D_NCI-H1623_3"	8.74470168485861	-2.05432037132006	-2.2400144770156	-1.48411194599427	-0.900918488044642	-3.23894785018736	2.28466973340778	-0.181331909336075	-0.87435056346496	1.30925631560635	0.124476107102371	-1.3543695033786	1.41030887387166	1.54050013996029	1.13635630238859	-1.08891053432714	1.41955793019188	1.04285065595482	1.02898478318425	-0.216787646453239	1.26578619729626	-0.289871415684543	-0.19140074585799	0.00176803681327807	-1.4749171972076	-0.349749392087114	1.71727380149895	-1.62800213790138	0.870467260624139	0.297848376473031	-1.08341368580537	-0.675779879326799	-0.0990458456987095	0.254602593284286	-1.83203058659952	1.30154615057054	0.144841052852899	-0.560705517735735	-0.104858249932498	-0.391511605124157	-0.261738055266038	0.871568583898308	1.54772024070405	0.421570855437721	1.29802682516622	-0.919350430657789	-0.56060929151569	-0.13156530471032	0.60930339086531	0.657387917190692	0.334523315737492	-0.564890921073939	-0.515611343433846	0.146348130960512	0.420429868759584	-0.297202763641015	0.577964648261028	1.00259279082587	0.00284257285248114	5.11743425413158e-16
"20D_NCI-H1648_3"	-3.11067672899658	-2.06381196415268	1.2823386791018	0.165079094735415	2.72237432305498	1.22740986270973	-1.2112239831527	0.575817530548415	-1.54155487671866	2.57835871246695	-0.782160714599852	-0.876841559391868	1.41592819439054	0.196921972400143	1.72474497718955	-0.799926268139226	0.622276918390616	-1.14120061910751	-1.60127558596106	-0.255441133625433	-1.23108176554196	-1.87233651665917	0.283234779250254	1.36842749053741	-1.50179051889493	0.351989464173651	0.7855936653158	1.86803103028923	0.613364170976793	1.4986554568524	-0.590371796184301	-0.0416008333458789	0.100327429166219	-0.544103365155479	-0.553643353323267	-0.551893001951742	-0.654247063659637	1.18326404986316	1.56876616271814	-0.881594039609764	-0.731651542486933	-0.244273021074516	-0.183452965179323	0.498624602442531	1.00318050285792	-0.246463603618153	-0.0608973503102418	-0.607957566314991	0.376408636355071	-1.08557174466291	-0.021785086625277	0.608974626206549	0.782395471514729	0.98622569170931	-1.36801895362158	-0.566593248614961	-0.868200849975622	0.125423840666342	0.57882607625186	2.10552061896685e-15
"21D_NCI-H1650_3"	4.67111136270029	0.756836808284572	1.62645893619936	0.00498563461685955	-2.81225260194495	2.49469683514673	0.578408636146619	-0.702669800348586	-0.0241033055544439	0.391982684010139	0.459005234944989	0.731646130798792	0.807827498072305	0.947360540748917	0.368917438002427	-1.04549605767968	-0.561087931658271	-1.7106627325852	1.6587035107933	1.52158008908011	-0.490362101682686	0.615239991008213	-1.12907899089661	1.1495675665576	-1.48850212817975	0.492080851064716	0.0330573765189546	0.169236585723155	0.138361370546706	-0.0922777565988479	0.128632874302367	0.23068386369551	-0.115067260495017	1.51736418169345	-0.569550631410431	-0.943739691375133	1.14894376263007	-1.50232072791895	-0.741381400136705	-0.480681921873141	-0.548290323639036	-0.243717905885148	0.0945213620613282	1.46741287315646	0.220339126981815	0.956575862831238	0.0527329841812442	-1.52804105298988	-0.584566662813914	1.08236122187998	-0.662223658906253	1.01462452644477	1.32160635113706	0.292155480836559	0.525272094307414	-0.0321035213439517	0.128996603062163	-1.93913736625719	-0.0676733339000522	-1.4137996329211e-15
"22D_NCI-H1651_3"	-1.30839179985561	0.994742275729679	-0.447770451494019	-0.232172465281728	-0.519115205954575	-1.5981882337063	-1.45589729993589	-0.101115263327567	0.553609287490719	-1.56585276131029	-0.879294684239715	-1.64171221653482	1.13119010797433	2.06551052385755	-0.943540372012132	0.895744461301402	-0.269345578790512	-0.322207526501305	0.1638651097458	1.41842180650166	-2.40133930589643	-0.875606922275904	0.257146834531254	0.782300933514237	0.131801678817347	-2.28580895930929	-1.00054911673447	0.968385854269824	0.0428088169709034	-1.29783872825144	-2.41809827919081	0.191839358878223	0.106733132496864	0.731731344631133	-0.437901504477004	0.329086675895398	0.239328878803449	0.940088602441689	1.54886379541412	0.589980318461764	0.795202018502896	-0.581223650673965	1.31526865830457	0.2750031110636	-0.965245702981143	-1.27451020300961	0.929709976920101	0.0391595403695372	-0.793697756101493	1.38848698127969	0.124005070693818	0.602743797763771	0.0173755096417728	-0.664491715172802	0.218479383128409	0.636009178554492	-0.83425013504255	0.305305802033555	-0.561393007640607	2.34816506516911e-15
"23D_NCI-H1666_3"	-1.05517459902638	-2.46050886940072	0.592560744794808	-0.442606552088285	-0.942272207543042	0.102786208958028	0.436463311411869	-1.28052393912715	-0.266571742476013	1.56585524417789	0.784078035078741	0.701061105456886	-0.415026665903437	-0.483001260919283	1.09470410522464	1.1038674168719	-0.134473093999546	-2.40544820094082	0.328514089468153	-0.218546239819795	0.613325744613664	0.60831076073665	-1.02291172504072	-0.966556789611195	-1.55590732691455	-0.945640340124361	0.986566087143785	-0.183153560422605	-1.56232426028086	0.400484280692707	-0.843600158176186	-1.13602250711794	0.0167878920847655	1.08128620686669	1.87298737098923	-0.565038482248067	1.54705543667421	1.46310970039368	0.496793244507103	0.066751155743678	-0.252395696979112	0.363548666823973	-0.743308628463656	-0.458230882333948	-2.10525841665407	-0.384046168486731	0.139210357820468	-0.160853770467567	0.247968276243989	0.609227424426698	-0.533951327704804	-2.16304712132894	0.212417202279754	0.898086634755645	-0.240534453167336	-0.432814421599976	0.177339914676442	0.746773106304531	-0.870751091230031	1.00744065867353e-15
"24D_NCI-H1693_3"	3.03787095479941	0.612660222824729	1.61980104317717	1.84433566223597	-3.07742744602546	2.67010325339977	0.60724155774919	2.01610901261253	-1.21068530442952	-0.0776014387064641	1.99638489724784	1.43025875615012	1.97553761117889	-2.24487285872444	-1.6328812326483	-2.68021583295992	-0.853231036019014	2.70478019885448	-0.300566971168968	1.22384419112679	-1.11180536664893	0.111404341298395	-0.415309024190728	-0.387719938163308	-2.08593738425914	0.227926934367083	0.51463371480682	0.849167397749427	-0.850446299236096	0.0279040531415333	0.356268689197494	0.280523198721338	-0.692916684947449	-0.738354530911649	0.434650419355869	2.20577843904572	-0.751913988618287	0.64710364703825	0.381808921433166	0.850109213039666	1.51331492637382	0.0533840563001205	0.0446088862845727	0.0387807584106786	-0.468114342634199	-0.388125115546157	0.61709427432285	0.0499125788502876	-0.424501422719901	-0.177219934841952	-0.107537532766481	-0.357003518713823	-0.765180798086108	0.567991058288812	-0.323521501074623	-0.326215257672462	0.0989675052213985	-0.0908783933447618	-0.00608728928893726	7.32053306862213e-16
"25D_NCI-H1703_2"	-7.03128897925038	1.69091997318755	-1.33686063243328	2.08100677115259	1.06589255467139	0.274869456667469	1.19506534857606	-0.283282528746347	3.47932352589412	1.06815660485108	1.05568053246661	1.57192152871988	1.12027874838253	-0.66945339820538	1.55152061600654	0.196765843775298	-1.61221893385017	-0.164296909539571	2.3163121497352	-2.68151445700684	-1.82134879655276	-0.767737215918434	0.0456760860666407	1.58413303772409	0.869269682057963	0.502724668177129	0.973778007243272	-1.51594582503786	1.0612163939119	-0.506577395931695	0.61380850180099	-1.12988614520462	-0.0144456348910213	-0.240568895539752	-1.38025436694804	1.24286524032107	1.3246705807014	0.0770547079411654	0.0833723747666367	0.865872626316743	1.27097175705621	-0.466831759724122	-0.233301147158816	-0.0842453118923934	-0.180724333379457	-0.565341966691121	-0.503046627436313	0.479853422917223	-0.176255075625976	-0.588421548513384	-0.731475080102203	-0.28440356531712	0.853773448161656	0.0871340015163016	0.150454248882741	0.0111908799598526	-0.568646107539909	-0.102035961345491	0.0627876805691497	3.98986399474666e-16
"26D_NCI-H1734_3"	-3.23680308558271	-0.135366581129182	1.46633276801903	0.213020783516349	0.254032500023487	-0.837043475523101	-2.4287991324143	1.37112756824274	1.50495830149577	1.922885214116	-1.39229459821915	-0.222663027345448	0.600160308796959	0.825239134169843	0.40823438760078	-0.241201878808545	0.638780148482995	0.381754354603794	-0.484606829840389	1.54708246806188	-1.13287289860471	0.0524087965002724	-1.09250534932739	-1.47404037411722	-0.235025654933704	-1.6831600417226	2.59550988532815	1.02778236430551	-0.360629283765486	-0.691230522598974	2.10922768224441	1.60789488681241	-0.483822087455348	-0.764097816977411	-0.72070276756362	0.345204760945607	0.939600856253359	-0.278308604145234	-0.367629487055341	-0.333312478330644	-0.864259160061053	1.25047914583538	-0.700280399061183	-1.39112226514315	-0.569084313415923	-0.401620534676223	-1.33977235005627	0.498097009899662	1.07416432047244	0.336851467104884	-0.239956303755312	0.358716753663727	-0.0781098543390236	-0.779817872641077	0.634023199405458	1.17588425362038	0.238328152819029	-0.605552869840011	-0.00595758440023601	1.2195106036117e-15
"27D_NCI-H1755_3"	2.95182591966581	2.17504248193482	-1.7499747827412	-1.56663655403572	-0.432005676663209	2.40329264908815	-1.30829731097648	-0.00172046368071176	-1.73978072493688	0.194798221036517	-1.02983924998894	0.960269635480954	-0.715267959554914	0.0680577791643179	0.00989108479324893	0.390995029828414	0.092757636765441	-0.0164496157611813	0.517247952152171	-0.470915613274532	-0.295115210784451	-0.0314670479806019	-0.705741092628912	2.21769784766569	-0.169680620746513	0.797778382689344	-0.71646498157584	0.483489127889577	-0.804877220236871	0.198729079643256	0.320726407858285	-0.0455726919287898	1.32639228804086	-0.0878051376244668	-0.159927086942359	-0.486257794504769	0.0549419976189881	0.191491952207696	-0.665800011700129	2.82165661824046	-1.53816915800123	0.860015475940352	0.873300874082194	0.214672644756076	-1.0251508838402	0.0150641792976735	-1.64240960395302	0.558117057597836	0.812424050797983	0.312000833801232	-0.206341398698031	0.3261822541919	-1.68617971220295	0.144184589477405	0.748595714385255	-0.717752665761458	-1.40355154189346	0.552390965354634	0.810435070979285	1.65145674912992e-15
"28D_NCI-H1781_3"	-2.32291010498172	-2.35906476912893	3.15696204511993	0.857587784129336	-1.49247330051834	0.35916079070471	-1.03653958505341	-0.449112842325917	0.884922528636193	-0.530561610718433	-1.13276589032799	-0.454825081455562	-0.983998939239298	0.656399296388888	-0.837743294257886	0.489242390714017	-1.13069938703429	-1.17241419411809	0.878121625337878	-0.759279769182124	0.299172294826058	-1.78964377343377	-0.318863337002335	0.492857558434934	0.425442655205344	1.54059651393625	0.706402146459104	-0.897233155933892	0.650016846305235	-0.168606706593501	-0.912118536042639	0.848446978408101	0.169606942843872	-0.424095871939031	1.34061408832335	0.798322498488107	-1.59309596798047	-1.44140456398681	-0.0996518085472583	-0.0931951615361883	0.326817548417372	-0.29797346150042	0.244413801130949	-0.703607749493352	0.264363265950537	-0.506695949857806	-0.187201232268969	-0.392603975815993	0.979936710867107	1.8669141667026	0.777399430620537	-1.44855026698247	-0.908133376170664	0.540342083581471	-1.41886252013321	0.873187009019916	-0.211264848927312	-1.05514210087313	1.21174813019079	8.60639684518993e-16
"29D_NCI-H1792_3"	5.19262921588857	2.0421924012769	-1.14770105666546	-0.514890619357835	1.3519893251883	-1.62298536291801	0.162607268371327	-0.0242769676006083	-1.03584419613728	-2.88186206197622	-2.79877802544941	0.80777629964715	-2.91448807537482	-0.633654904539047	-1.31250436999253	-0.69796370202985	-1.07204300689657	0.911190660215251	0.223716827956854	-0.620347212726814	-0.541329327044338	-3.39042814126748	0.622620941893186	-0.1574217973984	-1.08767665121753	-2.38949571211019	0.629437380283444	0.267280130969412	-0.467798136827519	0.419735713049665	1.51026849974616	-1.81304956059771	0.594862820654397	0.118499499573063	0.996229305196701	0.102039829773005	0.939521323694644	-1.19964430786459	0.416285623861824	-0.47812990643111	0.30066296720254	-0.117764322492685	-0.211660351877113	-0.353961686981468	0.651714137984001	0.0166959816915196	-0.465361846940834	-0.587121950987386	0.00920232486649633	-0.389204580589068	-0.113237677119683	-0.15980667616292	0.22058281447408	0.312952702771511	-0.0859486716977946	-0.771028979073565	-0.222944839586929	-0.670587419295866	-0.669948649072767	1.01481323344643e-15
"30D_NCI-H1793_3"	3.11177270590701	2.42214411806987	-1.04921331752159	-2.7694658706296	1.34624674331621	-0.405640717075792	3.25720031003275	2.76274607435096	0.396820743989324	0.971643688973681	1.73962256284582	-1.82724140021075	-1.76197662544003	2.15228021214935	-0.338558323987846	-2.62516556890784	-0.840025326652948	-1.20767982344378	0.393140864998136	-1.56175786705811	-0.595887406453528	0.718702011836615	2.39283853192287	0.293040544260667	0.349120320375268	1.41148975631888	0.204317629502329	1.36689437457433	0.586760253087691	-0.392930316015166	0.639858753133503	0.712390104600917	-1.61643817046156	-0.656092960473782	1.62167574395719	0.37348349640342	-0.137806910385435	-0.128013339188919	0.713821056046114	-0.142609502211293	-1.02674372926284	-0.291461537207665	-0.182288513893049	-0.12671710231415	-0.591119413232438	0.381969366663604	0.580042320995261	0.19497756977784	0.704626574313929	0.612175374933895	-0.231965498573697	-0.0368706752130966	-0.119362943805229	-0.00555677610760517	0.586602758958422	0.351483229681932	-0.595014210497778	0.100822162050199	-1.00227463587107	1.70141136422719e-15
"31D_NCI-H1838_3"	-2.28579351493195	-0.516050601581469	1.17025491049031	0.0224154648256658	1.77757332496752	1.28317580929665	0.453311726252461	-0.678904309939729	-0.525675956706399	-0.592936907365776	-2.04018013921336	-0.990484024761137	2.18852741217771	-0.464578972628807	1.43362147810748	-1.83935030191007	0.68828885023899	1.05875297772638	-1.25967478605467	-1.73196487205556	-0.61404460644037	1.27519260958588	1.31339245031203	-1.40522970591045	0.585426069423616	0.122383736242236	-1.04429087368676	-1.15070492999741	-1.29463447259912	0.221590293134862	-0.977973274306102	0.766511149591008	2.86340953816458	-1.33919278132274	1.22756576258981	1.55767322702086	1.09485086319161	-0.20252902246347	-0.0351020657679906	0.00547088334717398	-1.17925131722483	-0.297733095566468	-0.315789509358901	0.952401621170197	0.158046969964924	-0.0835537062310455	-0.827663527867101	-0.319461599797589	-0.869709675020327	0.978465780546742	-0.127125079546236	-0.338548498963776	0.51427459680748	-0.69931531748213	0.108975410488724	-0.188124051969205	0.319145533230389	-0.675141541181339	-0.39036371245254	-3.23309087835177e-16
"32D_NCI-H1944_3"	-1.518017399652	-3.21056080384848	-4.19371070443778	-0.974075770715465	0.572086628622177	3.35156816470904	0.0503145541682635	0.553405361880034	0.909269696306571	0.521534626819998	0.109254867811984	0.592158410270057	0.139821159619465	0.278227462990498	-0.247117736395029	2.90734800150598	0.25206974087755	1.37291189907173	1.05958101043004	1.17398556039947	-0.26803234222995	-0.316842269768563	0.856276560448377	0.0140148406140171	0.198445074737475	1.19538748805979	0.677403240357223	-0.313452661650124	0.579887070806476	0.20097439173854	1.28094011736432	0.827520062699796	1.21366759675199	-0.831403450903427	1.18130302962864	-0.923555323482759	0.11727774132497	-0.772742426148613	0.209200118301812	-0.0477966365797422	0.433245615778612	1.54827195520581	-0.445490385602342	0.473272761873272	0.401431410360493	-1.50197885587795	0.888276736387887	-0.499846453311308	-0.765916522402895	0.648608411159887	1.2266273598673	1.09191332011892	0.0349242162002183	1.2729013542522	0.0165672507863216	0.0386194079583553	0.299988401269204	0.657013504978513	-1.3673249469202	9.02489888376934e-16
"33D_NCI-H1975_3"	-1.84616012168871	1.71692577715357	0.361496928363763	0.0231237088369707	0.64794792021339	-1.11935296521265	-0.177812832470843	0.633285233518875	1.23917838998074	-2.78479355234523	-0.723443667547426	1.86078643104879	-0.721017033927423	0.189507061555839	0.726408677617144	-0.826113825417487	-0.873843008059821	-0.497555312450936	1.52324924507412	0.74599286171716	0.687717619557917	1.19844878729029	0.25112462407592	-0.168865381373036	-0.836729616430661	0.583958485979931	-0.354314596053371	1.11310576460113	-0.753898699933888	1.09468137717219	0.217281148356642	-1.70125032114578	0.677815918671072	-1.75942184037229	-1.53717416673038	-0.342778772859227	-1.78091171614816	1.07255183394969	-0.464743071850054	-1.71921285676316	-0.290546160201298	0.351566529452131	-0.326096084108627	-0.00556869078067154	-0.248240521521442	-0.0255927973688182	-0.280025607788511	1.43151675598856	-0.53653461685623	2.10615073517981	-0.800273045092537	0.556117061255242	0.600641719288304	0.722626372052111	-0.280248759611222	0.304158448988347	0.509988540180639	0.899914165116645	0.377940709313943	4.59918561568351e-16
"34D_NCI-H1993_3"	4.6535440984865	-1.71625945280143	-0.21879837147768	-0.362850646422457	0.0602385853012475	-0.143358493401804	-1.61820605075948	-3.9618908520007	-1.45118541101276	-2.21936237105336	0.524606884631576	0.387226594718785	1.79252756882648	1.98857694816203	1.53567771567996	0.287653990268724	-2.63676829694259	-0.654763719277929	-0.339209288345153	-0.10021402385834	1.29258485262316	-0.553946021292542	0.939624530119554	1.43369143132849	-0.927380387352899	1.00483284762635	0.110944483379448	-0.0679203345905108	-1.04503124468161	0.630427077652282	1.10126195580141	0.689504115440784	-1.24944853724488	-0.644234927744517	0.521503297102556	-0.0133463738452621	0.0436994979975027	0.46059301020959	0.828627184976552	1.28371199290864	0.334179196087584	0.454743982592289	-0.199363458825538	-0.446120074833037	0.738929454090856	0.343974038415492	-0.440118015121151	0.178535298469126	-0.768869035292013	-0.904102751355768	-0.258877480080683	-0.0806328593277849	0.13616062163303	-1.42259092081374	-0.223903149384906	1.62948737596922	0.865042658961334	0.346877308682093	-0.482416397555061	8.45244013669699e-16
"35D_NCI-H2009_3"	-2.27553413000309	-0.207322500875997	1.41819507088168	-0.884536588058427	1.13431633456649	0.269884364551677	1.79411134358204	-0.25854011242261	-0.491181783292022	1.55337402555192	0.0022813640822969	-1.19654633265155	-0.0609973204411888	0.172751184089175	-0.408963157931943	-0.583069387285701	-0.377376322450413	0.518649165731525	-0.24405013306823	-0.436238565361205	0.250796120861604	0.108055979752238	0.728162030405541	-0.834581579039171	0.466023124075102	-0.496311427267581	1.09701765002524	-0.971816734350604	-1.29320591407109	0.568977989276584	-0.448789069912598	-0.918644560375799	-0.535286621417225	1.37188033968056	0.364684225314888	-0.872279813655074	-0.0344716438436265	-1.92566797237672	-0.0496838047534319	-0.368828082687811	1.42519846614156	0.287417232837506	-0.22462117718551	1.18758744575346	-1.80793999000215	0.265125375695814	-1.00630198545953	0.511807913027597	-0.840213950458828	-0.220510298100947	-0.651084835651325	2.23009110045047	-1.28820744963415	-0.41651577739272	-1.75546289260603	0.671080245822904	-0.00691956302279037	0.722483694044874	0.644199386401842	5.41233724504764e-16
"36D_NCI-H2023_3"	0.14840051884184	-0.645002227483745	-3.70170363234533	-0.749027294532788	1.85953780580701	0.488766962242694	0.143363175866552	1.67202239221734	1.90218330069378	0.350285475966717	1.03688974521098	0.0547536247740901	0.353685399550716	2.18941392310532	-0.170407297292724	1.23772204774284	0.624087141293278	-0.0617898247027118	-1.27969835133196	1.53434348537328	-0.11262087634505	-0.492043152006748	-0.121402605490276	0.183593514413102	-0.408938305091373	0.535425005175106	-0.132125207946569	0.0494744824188649	-0.128037393992031	1.33736177861713	0.122422853736184	-0.527515838933968	0.305768477632204	0.576998300010624	0.920553680551412	0.297343518453229	-0.287314401189511	-0.725630335824781	1.29728439552897	0.0532261922523306	0.415017372446181	0.223589318223805	0.521696886325935	0.0103196970969416	-0.583204019293369	0.53622054542795	0.325946861869711	2.14101660627611	-0.561679453243536	-0.118353511676921	-0.156464960350313	-0.926357543755843	0.343432599966054	-1.11473981087428	0.446050365133106	-1.59882523762484	1.26519275590357	-1.50869446173791	1.5535352035292	-2.38307637512314e-16
"37D_NCI-H2030_3"	0.52398544759296	0.568857003276151	-1.24998006182048	-0.663424701862523	1.39205272055936	2.58268565547532	-2.57869959902709	1.17863191780728	3.11209298847912	-2.40421737679403	2.20564483599487	-1.44559164752336	0.670424755531681	-1.59015423412666	-1.41139475450881	-2.24721982636749	1.64140016865038	-0.545074970073027	-2.29213726715158	-0.572272044090478	2.14904226266165	-1.24147631234751	-1.4580192105793	-0.104615275423862	1.04198508162949	1.26317161545587	0.668186632690692	0.278333499383956	0.0774727011706643	-0.179703122111487	-0.462216372041641	-1.99496053570883	-0.495159387888746	0.512375900048753	0.113097890558212	-0.411149034165782	0.880586164718217	0.464299234467042	-0.485273091742442	0.330475971391688	-0.446782124339988	0.225533655636941	1.42615693572331	-0.375809325985368	-0.111000657490185	-0.576154323020553	-0.645508228316406	-0.657818885508511	-0.165847394814891	0.143788738135137	0.37571670681058	0.326508698027724	0.532718876435638	0.110052073227403	-0.164688373986787	0.843996809222301	0.257273941554969	-0.0337314442581381	-0.493349801035642	1.6154612370034e-15
"38D_NCI-H2073_3"	1.6637156459447	-0.804090238425787	-0.0996329083346992	-0.66954018468298	-0.403418230748209	0.917720693790531	-3.4305157712863	-0.886393548759516	-0.791332597487799	-0.942324247626225	2.61555073574351	0.916360920072079	1.33067259951877	2.18604023161882	0.982693971343765	-0.346429883269534	-1.20438174938638	0.209012298502629	-1.03649209523785	-0.971807804563091	0.899420681212294	-0.70281961037421	2.08230158651798	-1.9750010697559	-0.183433230337489	-0.838079115811772	0.66487810203467	-1.78139116740374	0.531890290432463	-1.72102250996496	0.89675462753593	-0.130196295210696	0.298352504421693	0.637078290502509	-0.723427301099481	-0.581039607260744	-0.465676618708111	1.23953852418808	-0.775181386417565	-0.981470074368749	-0.117608760065655	-1.28906071962805	-0.707549663193168	0.41095289827754	-0.627528090884287	0.14388296823959	0.431060793184597	0.661632510577703	0.513323171486585	0.209516803171878	0.894117789610335	0.58226069325303	-0.852082535996654	0.78628663069108	0.535300323846059	-1.03979095554227	-0.913488057606339	-0.735056799100639	0.242920553085147	1.42041326617326e-15
"39D_NCI-H2085_3"	8.32904405425202	2.22233601731156	2.28277836617905	0.553901816852529	0.0523619439901809	3.08285183499978	1.7640546237172	-0.902903716752807	0.474754648161112	-0.019663007268123	-2.33080346317477	-0.367119387281617	1.79247611308469	-1.36809727642617	-2.9575261994881	0.455041864121747	1.23186366228475	0.322539378129573	0.589335690042891	0.433993366524593	0.497581764264679	-0.075761918686994	0.449770058023835	1.72446372830908	0.143123593804617	0.12259068831059	1.1653730539902	-2.00838184262601	0.811975419805692	-1.21222898961318	-0.484889034813005	0.513183412293885	0.0330971364511406	-0.0544436686919749	-0.0681213671874031	-0.997974384033485	0.264674609565008	0.858598157468854	0.987586130694276	-1.07528857080252	-0.882953676441312	-0.135190744687203	-1.03014809777645	-1.61115138209678	-0.175316235590493	1.04557085336269	0.363902301979674	1.51545561012585	-0.0476228995576903	0.066913065695002	0.169256926036074	0.026725479268412	0.633880340193013	-0.699536383103348	-0.452201631258438	-0.364783686378353	-0.321704850761658	0.655355451961129	-0.0526259395923603	-1.22298005056365e-16
"40D_NCI-H2087_3"	-7.46190773107465	-2.68871392726321	0.689661023679906	0.986007165342808	1.25262233965212	0.47956737012229	-0.375242641566041	0.706927492121594	-2.14035143674962	0.320953161102655	-0.218771727068257	0.465019560666233	0.25841522749491	0.399235930365394	0.00283920041423638	-1.95046965588204	0.62280664953071	0.569656469506046	2.33512067325933	1.37676617103118	0.846913202478727	-1.67010722237899	0.036700712889224	-2.19412164297459	-0.277822804078259	-0.321984757647433	-2.33467586025603	-0.562187966754293	2.2021507846	-0.432082306917001	-0.932766580885631	-0.704102782955273	-1.47026838591842	-1.17866575790412	-0.253320485714222	-1.1518388243334	1.32683640454004	-0.889449077256602	0.399416162513614	1.88497078586992	-0.932941017187081	0.202386743961919	-0.30161298822273	-0.469625648670007	0.121557508158333	1.02967445411931	0.339658947364316	0.882384604820439	-0.431337086662577	0.0104900794567064	-0.184519371819787	-0.243170978076086	-0.100677099974089	0.478714590797036	-0.0388264519481087	0.255514745385324	0.277466508633299	0.126287494402294	0.0238988064816642	-2.11809736416768e-15
"41D_NCI-H2122_3"	-1.57381825444629	-3.57495184334026	-2.35083026924693	0.21679171978381	0.843862930974489	-1.27932661500054	1.146606794986	-0.516269948348357	-0.864530631009188	-0.136577223508518	0.0154371691609305	-0.0428495868077971	-0.773800646980027	-1.80986467919871	-0.137730056121537	0.0139555284015258	0.628408971280242	1.17921137327285	0.532715999734822	0.839831229952717	0.950229218446351	0.502255165446401	0.154580367179463	0.173056938321855	-1.27263611011373	0.706722077145983	0.643708446232155	0.13938616998016	-0.870530271352147	-0.522318422785976	-0.464785591608102	-1.35551262880062	-0.392616108901446	0.0713380055217462	0.896189839465753	-0.0813376548952363	-0.266396748663671	-0.0553171403896377	-0.88888848631137	0.143423750661398	-0.683695547851079	-0.892371241614325	-1.61822799846567	0.380193795236951	0.172306230969547	-1.76844112367781	1.26580430124936	-0.167842911459891	0.315400923761292	-0.201100993381735	0.159479826138333	0.304320789267993	0.947363100394256	-1.63739625868816	1.0992043612618	1.0947506813783	-1.77293761598508	-0.343940074423928	1.51451594572369	-7.91901266783412e-16
"42D_NCI-H2126_3"	3.47330708479507	-2.45403913070392	-0.918782398178512	-1.07602639318575	-2.94746213487627	-0.858205247586875	1.65745749633411	-1.26508507304059	1.06418041545526	0.960275218605925	-0.909768029879084	1.02966633908013	0.214217100345336	0.603655787068926	0.966168202372612	-0.933153538614361	-1.04712122366307	-0.682002116782958	-2.10976799149564	-0.441049151786121	-0.359638748315332	0.578562479834172	-0.41302282805421	-0.579738733832456	0.742747046252934	-0.673304077251568	-0.377692574236296	0.856787825009537	0.39881972233776	-0.802522300045605	-1.22127436644686	-1.11568482537874	1.06702926373297	-1.31240057615412	0.351637925084935	-0.175083507614241	-0.404333893402999	-0.394950117647726	-1.60633159021647	0.648571174737569	1.11857435960341	2.32853958209344	0.641004480668881	-1.20228667833582	0.0459142942524759	1.25129285853435	1.25333675885493	0.718339629052502	0.704575311198815	-0.683126602933075	0.499251724330375	0.723989590846123	1.07025812209958	-0.0754038263377146	-0.739253969790771	-0.129843927790717	-1.03039666427307	-0.503966141380451	-0.283719292459295	1.41499225531083e-15
"43D_NCI-H2228_3"	-5.27888836762486	-1.36057116188518	0.837278064685484	-1.78199931845315	-0.803684951173913	-0.727843827349851	-1.18019259513777	3.5760471929997	0.0188997038083076	0.00987509009889044	0.275014055073651	0.41893946873506	-0.195219676731698	-0.268118137992071	-1.08630489996422	0.541373231676786	0.783727131123275	-0.198660759161839	1.32736038972746	0.0600349440994862	0.107848583230695	-0.329566380307486	1.07037373443609	-0.0144253843361752	0.0361883601848158	0.122404415343044	0.456531398126816	-1.03587223025451	-0.89079246994025	1.94885877275396	-0.286572854090277	-0.0684153341440516	1.40801442661022	2.05909505749669	-0.0464660018888086	0.531920835211058	0.0885903883510544	1.89836569184324	-0.331119786799905	0.849064151336847	0.783537821253026	0.295432253741788	-0.398653516275084	0.192141538180836	2.00135365856921	2.09861958580759	0.762610878336898	0.0657989096887295	1.34357043015877	0.303379542399302	-0.505642301942751	0.478021050442088	-0.371455168657809	-0.886855539601156	-0.0931207712319236	0.750308781008477	-0.11858591378278	-0.163513422153526	-0.810654891564391	6.18212078751235e-16
"44D_NCI-H2291_3"	2.93552957671303	0.355002364431729	4.71432324916121	-2.16252420332356	2.71269886768939	-2.33500320384806	1.29710990068794	2.37040657855544	1.57836864186379	-1.65095725285596	2.14977250198577	0.447788905652351	0.5846266873549	0.854122880916507	-0.0168554489879182	1.19071427350975	-0.839004806665553	2.02169446996159	-0.280961090595886	-0.0171074043036037	-0.333324051918011	1.35830567516584	-1.51260480198389	0.103284005925977	-0.793931162086659	-0.49368994887761	0.114166877682719	-0.555413445982356	-0.241731693166581	1.04701676238786	0.0634022176558324	0.527164572372664	0.935636929862813	-0.867811198340176	-1.24202104309736	-2.23182902459731	-0.235306302398819	-1.04927097451216	0.0900721946886469	1.19692335369055	-0.493078360082097	-0.942806797509679	0.037836124842224	0.363320150336439	-0.566189901324103	0.00704882524816958	0.246079746777938	-0.525524393972459	0.224231529972347	-0.731277096613856	1.14074564410575	-1.21227659712514	0.329065683529883	-0.183471049676731	-0.835090589451094	0.221554921308784	-0.667494790327166	-0.128590423526119	-0.538155164121474	5.20417042793042e-17
"45D_NCI-H23_3"	3.08322200289722	2.72245662387384	-1.35170113105012	3.11682761726997	2.33919079081904	-0.5347971192048	-1.56756844665536	-0.863748589859405	1.55333514154541	-0.0787877410614327	-0.977014951516123	0.677706177716476	0.748290725778299	-0.626999383955911	0.113507156044855	-0.553883509957672	-0.418021325219728	-0.152410852028802	-0.728728654818757	-0.832574331285148	-0.334469797287288	0.27604092934436	-1.07839431523194	-0.271429249163328	0.685120728541182	-1.00031639077748	-1.32816976862137	-2.07206120262535	-1.9735101896055	1.39827480579954	-0.10078886421017	1.13800957850299	-1.9605759717057	0.587940397240928	0.133181141536613	0.349683084625315	-0.653014946010316	-1.02827104718527	0.65033671669417	0.257289991413816	-1.02879879272572	1.07138403580552	-0.126579977091691	0.743463404584527	0.199474172231737	-0.215275764535863	2.22142113261199	0.0485829134052237	1.64171499900639	0.143419304169062	-0.359916884873186	0.566131638559158	0.233453149095704	1.24204978333846	0.396419974686669	0.0918147897449104	0.0863499810916361	0.378778931539289	0.257523666652775	1.97173007088214e-15
"46D_NCI-H2342_3"	4.87639260311775	-1.4421731593213	2.48277978803164	0.860369824825659	-4.5364882108835	-0.889039903062725	-0.643628479032802	0.522687923515078	2.13505968712392	-0.21715031193406	-0.692000449727954	1.28579597529974	-1.03466310973894	2.19583523560347	-2.25064931473318	0.960710321198413	0.00421351286828366	-0.526688024043104	-0.240041952455204	0.0611475989187731	-0.00975784332332818	-0.470070784103943	-0.377775739436355	-1.14610232635025	1.16951764441981	0.232002988224429	-0.165507634146014	-0.151547341598484	1.7937721323491	1.40689041929298	-0.534495160523523	-0.380631709225732	-0.000454166083645634	-0.910009386025736	0.811502006754431	1.31908839398267	0.15161690054112	0.723994359298437	0.098871223604395	0.140264893267139	-1.3119821249298	-0.43504824637947	-1.05878693272921	2.19111613104515	-0.528351303948152	-0.664219680363043	-0.78677110427221	-0.121219687940905	-0.0140752620092911	-1.70808524559664	-0.370586738844222	0.633748887754572	0.436783490106973	-0.114585461543193	0.290656838376437	-0.0141460363166291	0.275911646713927	0.827557852926713	0.189057310094194	-1.90559373836052e-15
"47D_NCI-H2347_3"	-3.32976971746624	-0.582572146708802	3.64404073853848	-0.981830477289071	2.30885208496077	-1.10805747760888	1.71883544477835	-0.225731849717959	0.191336408006058	-0.353451091310864	0.5964081062279	-1.42714752978989	1.26149553562179	-0.152539833333192	-0.815892287056929	2.57582231762992	-0.213975104730614	-0.347053232694451	-0.433987629255918	0.0722233237431184	1.23282081262127	0.211036505769104	-0.370111220216918	0.566466833400248	-0.878959287769957	-0.990128223649758	0.433331061238894	-0.309448841876914	0.226537836499166	-1.147148556465	0.0509867666381925	-0.132867989758269	0.0414405944173558	-1.70912283816297	1.81520723376028	0.270056153139669	-0.464380389156294	0.388310178181596	-0.776563270145977	0.783462677418405	0.575790077941209	-0.982123996250581	1.18586208230425	-0.772549584782917	0.547295845238189	0.356294891568433	0.0274123419267593	-0.815819991832434	0.552187442086736	-0.0810319488034283	-1.86726967264419	1.59797075117436	-0.0571253444934815	1.15673836903325	1.38548385346303	-0.665955890920938	0.847579776959397	0.0564849381207211	0.524577309801391	1.54000076579841e-15
"48D_NCI-H2405_3"	1.48860676409075	-1.02647294999196	-0.0716255947991646	0.752791688750528	-0.855706676921163	2.67493193072453	-2.18312768724539	1.0619449786839	-1.10014630370197	2.7983093051861	1.46449577648667	1.42308453282872	-1.46834220945989	-1.00422196236712	-0.475602038372369	0.714561305497405	0.923411891756958	-2.0555463731566	-0.652618593205819	-1.11907572215549	-0.486530190284473	1.33454946720733	0.809490200177927	0.99832141860203	-1.19993826184169	-2.28124180864396	-1.4747023463406	-1.07083792310369	0.244102232003555	1.10009658215471	0.137904089491036	-1.10486708955379	0.0125180392764877	-1.1642686172408	-0.342204457514178	0.525969622472686	-0.874163752998912	-1.70420981694404	-0.158413098795583	-0.621016172447915	-0.0822491165045865	-1.67207873546555	0.894518345401341	-1.2264631736153	0.175221311602784	-0.430801240716007	-0.186397501858241	0.268895397648867	-0.227172941747664	0.0184717803305953	0.765054710017889	0.321565446647117	-0.0440419576674198	-1.00047697768798	0.368026452150596	0.750370465389775	0.456871959859845	0.280953931843262	-0.736141060706428	2.18054740930285e-15
"49D_NCI-H292_2"	-6.0385060439538	0.158188350866075	0.990350487136442	1.12503096307286	-0.619884712429432	-0.566366520387689	3.43995582906654	-3.00874687545127	0.970342073745731	-1.71458788459257	0.602636901735587	-1.68085132573807	0.0937600661373785	-1.35943297685661	-0.819710595564863	-0.234215863954978	2.28445735478422	-2.42530530233873	-0.469161162524679	1.27121015888501	-0.16647932810469	-1.67316450253043	2.01535589731171	-0.542865399515461	-1.41766725810997	0.243012215435108	-1.02669379352126	-0.313743513534962	0.224864550955616	0.851784739506012	1.74025681366568	1.14717358811421	0.84837860065287	0.655657041382686	-1.58817875883169	0.553799065635312	-1.35889220293872	-0.199022941535703	-0.818769492792548	0.531842359480736	-0.249205744673608	0.635721493466544	0.367145858244561	0.140985666981283	-1.48149183091671	-0.339925704548438	0.0670043143044065	0.0413343192649545	0.352687649221095	-0.834248563565119	0.297221954821467	-0.304193925810061	0.063717554602252	0.0161760904430548	0.228965233255382	-0.00416217428565159	-0.154465498925149	-0.162322199807939	-0.519059831836678	1.40827020184142e-15
"50D_NCI-H3122_3"	3.23074108683814	-1.74637766563199	2.4322337900956	0.921747364923079	1.28019336282562	-2.17460743024899	-3.14642890112208	-0.433422299916998	0.716439396636958	1.41680529590049	-2.06616359603117	-0.590299867462208	-2.33634136133108	-0.643418225312202	1.28308358867433	0.11320049996592	-0.513091837220737	1.88996010861261	0.0592560819877643	1.57682981740668	-1.43702355424951	0.395087530316894	0.933521650192992	0.0768652557682199	-0.875640816257768	3.82179268507192	-0.61033718361694	-0.670908555647392	-0.37759721097165	-1.13255600127085	-0.22808268099415	-0.804478859500804	0.210622361970127	0.859288450373786	-0.235684841509594	0.553836101541119	0.350005704059779	-0.0770025259449627	-0.298332090670688	-0.554031121052975	-0.0562120051288348	-0.80378980074144	1.45063518823765	-0.639584367690569	-1.30551409774468	0.544323621095855	0.431277684255947	-0.0233555622061496	0.425506177844729	-0.95136581672884	-0.0129806236436675	0.295675430148907	0.155965858322365	0.259024274832603	0.22463341444421	-0.139484859735324	0.63736153400545	0.213336432243361	-0.747954781575485	6.52256026967279e-16
"51D_NCI-H441_3"	2.25755328371705	-0.283003373351634	4.30081432961336	0.446032327554037	2.28963707721011	0.742115004270315	-0.523583279177891	0.0558371056839573	-1.70391051470041	0.0426047632080224	-0.952001328707401	-1.41466760237007	-0.447938554252312	0.101878152729589	-0.650066486752421	0.24987720072589	-0.10345614982882	-0.746368749243182	-0.348894324056692	-0.568225090412077	0.230762877770304	0.543552527997363	-1.01006120175675	-0.283038008918239	0.391846710880463	1.18120823079281	-1.55894894260862	-0.137903379258505	0.678012347344943	1.27316281538951	0.0765214117458476	-0.0262764365222296	-1.58040357314773	-0.378400015748048	-0.502976870976269	-0.475050514325184	0.670977273332426	0.615628571873352	-0.571456662638742	-0.673226917194131	3.05800096439602	1.38442479091246	-0.834296007670088	0.512120290469001	0.315252182882685	-1.29140010359688	-0.827458843865971	0.329726315137931	0.475989106024187	0.70472120491544	0.482820290482692	-0.194634632418473	-0.00419854240866228	-0.907037091501614	1.26113473705807	-1.22853286167818	-0.701408269715609	-0.366114926974172	-0.602709522511935	-1.59632506865903e-15
"52D_NCI-H460_2"	-8.92483732109232	-1.34642505878531	-3.91138466534919	-0.128975370695619	-0.27600855390736	-0.124666496916663	1.21602949693537	0.159149689528081	-0.712871470727408	-1.53982859707212	-2.67065511863276	2.17714357324665	-0.899826595070558	1.99459018483702	-1.73703044247637	-0.773375907840667	1.23041177832121	-0.0871490742789656	-1.04198386436746	-2.38571064717305	-0.660755648540814	1.55598270556951	-2.62177480017728	-0.54843357898587	-2.42254838428233	0.931160910074083	0.0613385755579133	-1.03235376511424	0.280655977242544	-1.3811265243631	0.504197716260404	1.30351175027844	-0.926906379150088	0.41592422594264	0.193564302378377	-0.571939972028337	-0.588938904639088	0.840322765336703	0.288455021427619	-0.460028344715321	0.461534413927127	-0.648004455573569	0.914638530340609	0.36024289760156	0.10120447052744	0.419990790442725	-0.477294779847203	-0.156052373026182	-0.182936759069256	-0.413037776618309	0.276501549080302	0.230053735095071	0.0864051815816476	-0.223012422480374	-0.34356243539159	0.0112058311182738	0.0638356371612816	0.11252787660822	-0.28369316719851	1.76941794549634e-15
"53D_NCI-H520_2"	-0.985038493365402	1.40544196262158	-1.10493692963215	5.8024805903533	0.1400797051018	-4.57018826432611	-0.683151693701557	-0.695141865938704	-4.17637221468209	0.416536097005272	3.90530055478407	0.212511167352968	0.0203566419814935	0.780221995380801	-3.13222328261817	0.184271021102991	0.807192141353891	-0.815070756475381	-0.0654952236220995	0.0914904693043304	-1.4518315299206	0.228494931380532	-0.187867653608227	0.307781085973654	1.54473368035855	1.31344831670749	0.868747695712686	-0.299628043759919	-1.10728047619414	-0.5974554811803	0.0134723421707112	-0.347727830840247	1.23680182155967	-0.949293229455418	0.104526674059819	-0.740928744630828	0.567579336522736	-0.24396824660485	0.27016473855678	-0.490503866198656	-0.345598879688649	0.865861300234488	0.161706396740369	-0.133236740306013	0.354597641880356	0.158375074094628	-0.337957539681322	-0.0371671000612099	-0.119332157238384	0.103412057863485	-0.0999730265639339	0.0231352917005097	0.407426314089658	0.187361577528242	-0.257101001362303	-0.10096242524964	0.0503486313819363	-0.192806335104068	-0.0115152784773409	-1.43288159115684e-15
"54D_NCI-H522_3"	0.0527311162580031	1.85189038506742	-1.04297186203642	8.41855718228913	-2.84979725367846	0.275557271464333	0.844949091630773	4.31390390173026	0.07495938585479	-0.0395997437826832	-1.54224737158686	-2.25464600823343	-0.94335880710244	0.611234271708606	2.79969723140924	0.194541920946236	-0.820650465209657	0.160388521654831	-0.942411172022061	0.18850727484681	3.02000012131098	0.128752451871975	0.51061968934003	0.558569100291968	-0.243833535098084	-0.525642515947357	-0.0463052484751566	-0.19945553020594	0.161626458228306	-0.612230499635447	0.446299207204441	0.516972417330895	0.748772749383523	0.298316634958123	0.160563729018847	-1.22508596935836	-0.312102758001797	0.14880139836906	0.226902065255121	0.586126749460819	0.469436318858661	-0.262289875153507	0.119433075639684	0.125203073298466	-0.0560137605104983	-0.295487609125957	-0.130382757029898	-0.129160529781529	-0.129784045581429	-0.148095584481113	-0.346098636428618	-0.148497932568319	0.186522049787407	-0.26500241564006	-0.11839335794898	-0.109031465681004	-0.131004855082291	0.1452232176142	-0.273619429732671	5.48172618408671e-16
"55D_NCI-H820_3"	-5.00679506699018	0.707464208900053	0.830401465953962	-0.647066509757078	0.294121182376564	1.3003904665753	-0.560205164175944	1.54764238930771	-1.04493404815815	-0.945425370446604	-0.855614178818897	1.96900454008775	2.35202608384772	0.559277453875125	0.843618708089405	-0.582108038100765	0.382942194851598	-0.232655653906999	0.896302504303058	0.137287212718329	0.0542042556974107	-1.2319497717679	-0.0279877562816012	1.15103635994633	1.57905180086607	-0.13818352869677	0.497727348571736	0.594633209787631	-0.146006416572469	-0.721697697194307	-0.532080401399142	-0.431544663317519	0.192527122443558	-0.375007646725078	0.400429109064332	-0.551905823041526	-1.03905686725663	-1.10945657882817	-0.809430381710585	-2.30783624643531	0.124229766736306	0.902752893173408	0.531768741951317	0.710495773641661	-0.965394147116362	0.61788605691691	1.05831433375937	-1.41380820224338	0.119977002269627	-1.33621521277448	-0.483685591094897	-1.50204002701611	-1.00744096459216	-1.1384627658516	1.31408132796787	-0.00137848711566693	0.224337359269998	0.91479908816403	-0.136895764790374	1.75163702986758e-15
"56D_NCI-H838_3"	0.775223991648919	2.4232260908137	-1.9358454303509	0.449520039905421	1.42554121373119	1.83767103891064	-0.203487771790576	-1.57888825650394	0.594848939305917	1.06498759510887	0.140655067314672	-1.01613609482416	-0.360483303210133	1.49220318569845	-1.21361641615748	0.182332567351147	-0.607057875644544	-0.532870547730647	2.74451977692747	0.0709893660151404	2.72860612771821	-0.128432647236017	-1.53729864466134	-1.69060963633511	-0.0834195356881825	0.313055220920802	-0.282657512852582	1.89532032482434	-1.66309607797467	0.711408647097493	-0.872088267017053	1.61172847399165	1.37468683067391	-0.599455097795862	-0.770109882788522	1.27885935207993	1.24696829708895	-0.34824438457085	-0.233336370313089	-1.09563680838641	0.68361061942395	-1.43186447680509	0.547718009630108	-0.732206899489638	0.237475202333102	0.192365942309554	0.562210398433925	0.401691863049512	0.0254624905164181	-1.42627753679031	0.350659582948439	0.181050831810281	-0.370097061054559	0.246521769666046	-0.156553228451234	0.0134928946855563	-0.842090813691752	0.0577017639192721	-0.0623146097344954	-2.27769192395755e-15
"57D_PC9_3"	2.48031138288012	-0.563025154879861	0.79884740348037	0.356073088517748	0.59938155576752	-1.16158390923662	1.57175827222117	-1.35079905634211	1.23063932753794	0.151865486490414	1.30941281573693	4.55559743892369	-2.49309318878687	-1.67439554721683	2.17136346698454	-0.466824142041563	2.40216584815732	0.295661670196122	-0.959225054768762	1.37154934150642	0.976082514857981	-1.20849412979528	0.791246834973247	0.828154366078748	1.17046334647999	-0.406890135316184	0.234879451646226	0.264657825234316	-0.225907934937976	-0.244607599044661	-0.642353272507359	2.23332698786982	-0.659323656755943	-1.11466931199718	0.402460789004053	-0.475665944242949	1.46789418089378	0.786306540516956	0.483741211398419	-0.380962357959914	0.865655154860403	-0.8288360526416	1.1030669779189	1.09114632386474	0.220662128664266	0.257620057820349	-0.280172111072627	0.219168518821453	0.383597160248135	0.790092014050432	0.0425487531754096	0.319824155780189	-0.537347723427419	-0.410464372847551	-0.280549362852976	-0.0353758166492177	-0.176190340571474	-0.121607689176606	0.0781148489881387	3.35235311732518e-16
"58D_RERF-LC-MS_3"	2.67869984402147	1.73334313318548	-2.69871999803846	-1.15292328190575	1.01578660477749	0.502668985141977	0.0199760461127697	0.975964519371484	-1.3146202713174	-0.0985075930706233	-0.321841508473503	-0.0104589635744368	-0.76810848401102	1.06399736891057	-0.250447770630516	-1.23936752243729	-0.00678060574962585	0.237298199969199	0.934413673252506	0.235707687907866	-0.906793688263605	0.130302750812155	1.12424863353507	0.67114972572282	0.798882251976502	-0.808572178010597	-0.504795534586966	-0.644032588773373	0.35179333590942	0.884272379742205	-0.729448646377622	1.29377767998602	-0.192915545105238	0.0112199700117451	-0.240580073456714	-0.604743393694136	0.517199975129381	1.74833523525472	-2.67418346126938	0.46523470119106	0.510010326088213	-0.261930311162706	-0.532147668209465	-1.40443130407409	-1.06393610288634	-1.27206803601468	0.266374717251075	-1.60559797896217	0.337573166496042	-0.446476607317297	0.113411986594901	0.0521411228964314	0.725347915359241	-0.105952155272782	-1.1942630395139	-0.236373469266593	1.86499625035292	-0.131282737287252	1.16848934896912	1.38777878078145e-17
"59D_SK-LU-1_3"	0.95302268986591	3.95982000610341	-0.173420098374218	-2.2177176235414	-1.3712011062399	-2.84798274360802	-0.633447389966681	2.16072415719987	-2.48873750096005	-1.30888042151815	-1.24421419418908	1.35912086679025	1.92543151800053	-1.05550840139936	1.01285245823803	2.83052612005257	1.94023893668301	-0.916351778249426	-1.73015457453257	-1.54977309084785	1.09012943336825	-0.00563857878801178	0.354238130399279	0.135979670895387	-0.269760562756934	1.50194511105742	0.0385034247036385	1.3797151819041	0.90323572777121	-0.030646507970851	-0.24722183857209	0.261984153959921	-0.527253295577223	0.47777246278912	-0.830960222647914	1.38646429580995	1.48117625209789	-1.50220665510392	-0.264528164813323	0.357240576578686	0.314007408673988	-0.482218279632334	-1.39840367828271	-0.51115834552755	-0.757073690579764	0.00797695125640119	0.938702753609327	0.40868484731413	-0.49460697207592	0.281435029876807	0.146875761612134	0.319670723398573	-0.0722941688449121	0.857060650929804	-0.357875875443807	0.403860327185374	0.230557539518042	-0.160864264898531	0.0901062458294587	1.74491497639817e-15
"60D_WI-38_3"	-5.36839418693417	4.38755879261506	-0.339591136051097	-2.80440285550302	-3.54171623908567	-0.561225324274379	-0.38179671287827	-1.14465890937138	-0.47219843777128	1.88951724515616	0.738719671167342	-1.88181763303526	-1.15603118691267	-0.241158423889382	0.342626209524036	0.286187646222219	-0.324368671420549	2.33863638505992	-0.894308009777846	-0.303131634823125	0.3733297837952	-1.29537456943006	-0.464792931339521	0.140137977643298	0.0154270468834729	-0.123371381681189	-0.693243888705463	-1.03870071830714	-0.186969315314276	1.14427287750717	0.627894063156409	0.254057163124122	-0.0943143181706853	-0.7052578385514	0.166691377989438	-0.19276218912998	0.119102805377949	0.57573957604757	0.878838731293967	-0.695532466576324	0.685445244649618	0.25351554334644	0.140353764200869	-0.126505577446303	-0.688665603931073	1.77526286740459	-0.328506100536054	-0.976403658129213	-0.639719955458513	0.647967585571178	1.27507464945429	-0.332597131566135	1.45926642478504	0.491118182307697	1.2653874114766	0.756727382939958	-0.327323541501267	0.771730689998191	1.17685685725396	1.32012456521835e-15
